run,tag,bytes,maps_req,reducers,stages,combiner,maps_launched,upload_s,stage1_s,final_s,total_s,map_output_records,shuffle_bytes,map_task_ms,reduce_task_ms
wx_1789489543_56091,handmade.txt,292,2,2,2,1,1,3.310781675,18.891541960,21.865472060,44.097243358,8,289,,
wx_1789489614_57908,weather_small.txt,43977074,4,2,2,1,2,3.433456794,20.999020344,20.894476818,45.250161142,3885,104063,7409,5621
wx_1789489664_59710,weather_small.txt,43977074,4,2,1,1,2,3.493499038,0,18.978015856,22.388384896,3885,104051,7601,2247
wx_1789489730_60898,weather_small.txt,43977074,4,2,2,1,4,3.521546349,23.990439176,21.957969347,49.204019865,7769,207452,26398,6769
wx_1789489784_62930,weather_small.txt,43977074,1,1,2,1,1,3.475614722,18.208565624,19.973927402,41.642887848,1943,52541,2848,2146
wx_1789497268_1064663,small,43977074,2,1,2,1,2,1.411082410,15.389902222,14.348307174,32.716296893,3885,104051,4664,1618
wx_1789497304_1065911,small,43977074,2,1,2,1,2,1.402167141,15.442905316,14.429147251,32.775763149,3885,104051,4991,1592
wx_1789497339_1066976,small,43977074,2,4,2,1,2,1.465996698,16.378516317,14.413739550,33.711509679,3885,104087,4509,7232
wx_1789497376_1068141,small,43977074,2,4,2,1,2,1.409562274,16.378103927,15.370969857,34.730678536,3885,104087,4984,7246
wx_1789497414_1069310,small,43977074,4,1,2,1,4,1.400585041,16.424851242,15.424208128,34.764778278,7769,207428,11845,2009
wx_1789497451_1070477,small,43977074,4,1,2,1,4,1.425804522,16.431248284,14.314874491,33.688075759,7769,207428,11696,2025
wx_1789497488_1072475,small,43977074,4,4,2,1,4,1.397520428,16.524552931,14.347678983,33.843100091,7769,207500,12375,7557
wx_1789497525_1074257,small,43977074,4,4,2,1,4,1.404128761,17.427713473,14.426954353,34.798325563,7769,207500,12496,7212
wx_1789497562_1075822,small,43977074,8,1,2,1,8,1.410352831,18.413672232,14.358890422,35.692218919,15537,404256,38648,1558
wx_1789497601_1077424,small,43977074,8,1,2,1,8,1.402454558,18.473979498,15.423141532,36.850466646,15537,404256,38836,1862
wx_1789497640_1079546,small,43977074,8,4,2,1,8,1.427920651,19.571140031,15.351007366,37.923069858,15537,404400,41024,7491
wx_1789497681_1081617,small,43977074,8,4,2,1,8,1.419597089,20.445971814,14.382901498,37.716083149,15537,404400,41507,7266
wx_1789497722_1083783,small,43977074,16,1,2,1,16,1.391203121,22.620585462,15.443692487,41.028223259,31073,798609,144069,2065
wx_1789497766_1086611,small,43977074,16,1,2,1,16,1.399852101,23.546829127,15.338847407,41.794933174,31073,798609,148713,2056
wx_1789497810_1089433,small,43977074,16,4,2,1,16,1.414009089,23.559176172,15.366894225,41.897072061,31073,798897,156257,7371
wx_1789497855_1092557,small,43977074,16,4,2,1,16,1.402903934,24.601924943,15.414152796,42.973352502,31073,798897,157123,7382
wx_1789497901_1095929,small,43977074,32,1,2,1,32,1.448269563,31.822165480,15.456433389,50.255866308,62145,1581921,590733,2127
wx_1789497954_1101225,small,43977074,32,1,2,1,32,1.413903707,30.690349057,15.302959659,48.924781374,62145,1581921,578752,1870
wx_1789498006_1106795,small,43977074,32,4,2,1,32,1.426770487,33.810513134,16.414900424,53.192854782,62145,1582497,620377,12369
wx_1789498062_1113266,small,43977074,32,4,2,1,32,1.437318800,31.626011666,15.392817277,50.008469334,62145,1582497,620808,8696
wx_1789498115_1119539,small,43977074,8,1,1,1,8,1.428985038,0,18.447561320,21.411505154,15537,404256,37798,1805
wx_1789498139_1121077,small,43977074,8,4,2,0,8,1.458587056,17.438872843,15.375985584,35.828050233,15537,404400,38352,7305
wx_1789498178_1122944,medium,222880466,2,1,2,1,2,1.412890189,16.359720416,14.387721822,33.695603420,12645,368610,7179,1801
wx_1789498214_1124302,medium,222880466,2,1,2,1,2,1.394390356,17.418536870,16.438055184,36.829378636,12645,368610,7114,1819
wx_1789498254_1125558,medium,222880466,2,4,2,1,2,1.404946264,17.391165977,14.360627347,34.675696297,12645,368646,5920,7357
wx_1789498291_1126937,medium,222880466,2,4,2,1,2,1.405574462,16.433747577,16.329877253,35.711088474,12645,368646,7516,7215
wx_1789498330_1128228,medium,222880466,4,1,2,1,4,1.398308282,17.413350167,15.349778939,35.680679518,25289,733346,14778,1660
wx_1789498369_1129701,medium,222880466,4,1,2,1,4,1.419112727,17.417022485,15.446052681,35.788275089,25289,733346,14877,1831
wx_1789498407_1131214,medium,222880466,4,4,2,1,4,1.415460281,17.384023639,15.360965362,35.701948468,25289,733418,12913,7399
wx_1789498446_1132649,medium,222880466,4,4,2,1,4,1.444185935,16.347441317,16.365164189,35.687230795,25289,733418,15742,7375
wx_1789498484_1134196,medium,222880466,8,1,2,1,8,1.463723968,19.509728584,14.373878879,36.870582563,50577,1464793,44373,1913
wx_1789498524_1136759,medium,222880466,8,1,2,1,8,1.439008902,19.456795933,16.482267884,38.896349787,50577,1464793,42693,2059
wx_1789498566_1138764,medium,222880466,8,4,2,1,8,1.431432227,20.452664039,14.403339081,37.757143621,50577,1464937,45527,7529
wx_1789498607_1140865,medium,222880466,8,4,2,1,8,1.401036676,20.526111835,15.409826498,38.857498260,50577,1464937,45135,7497
wx_1789498648_1142959,medium,222880466,16,1,2,1,16,1.421888456,24.681225088,14.781738442,42.514883131,101153,2841473,159064,1740
wx_1789498694_1146328,medium,222880466,16,1,2,1,16,1.417844109,24.698067527,14.341448410,42.049024599,101153,2841473,160928,2196
wx_1789498739_1149502,medium,222880466,16,4,2,1,16,1.428863547,23.560559890,16.405518802,42.897369463,101153,2841761,164452,9418
wx_1789498784_1153373,medium,222880466,16,4,2,1,16,1.420334494,24.761102182,14.739432264,42.451210377,101153,2841761,170156,7593
wx_1789498830_1156716,medium,222880466,32,1,2,1,32,1.446512108,31.703063544,15.427565919,50.063429328,202305,5616406,622173,2091
wx_1789498883_1162477,medium,222880466,32,1,2,1,32,1.436936374,31.742066062,14.396231563,49.092411345,202305,5616406,607738,1850
wx_1789498935_1167739,medium,222880466,32,4,2,1,32,1.412277171,32.749703411,15.396088767,51.101124236,202305,5616982,635880,8784
wx_1789498989_1174343,medium,222880466,32,4,2,1,32,1.405359188,32.741242933,14.416927443,50.107737502,202305,5616982,641997,9537
wx_1789499041_1180746,medium,222880466,8,1,1,1,8,1.419366748,0,19.505259622,22.416150068,50577,1464793,43501,1910
wx_1789499067_1182294,medium,222880466,8,4,2,0,8,1.422615158,19.472045475,15.353133623,37.767270626,50577,1464937,43444,7538
wx_1789499107_1184105,large,899000733,2,1,2,1,2,1.444213097,23.620027879,15.474144305,42.112056219,30165,914468,18935,2030
wx_1789499152_1184811,large,899000733,2,1,2,1,2,1.459406771,23.507838901,15.349187891,41.808269638,30165,914468,19056,2082
wx_1789499197_1185488,large,899000733,2,4,2,1,2,1.434600251,22.454529304,15.408479372,40.852335515,30165,914504,16957,7475
wx_1789499241_1186827,large,899000733,2,4,2,1,2,1.421032578,24.451507102,15.516352101,42.942106743,30165,914504,18815,7334
wx_1789499287_1187871,large,899000733,4,1,2,1,4,1.407814728,19.395712462,16.341802226,38.647981450,60329,1793384,22289,1911
wx_1789499328_1189349,large,899000733,4,1,2,1,4,1.409079970,20.424033126,16.435206534,39.872960391,60329,1793384,24753,1688
wx_1789499371_1190855,large,899000733,4,4,2,1,4,1.690729973,23.017423909,14.995613529,41.490514533,60329,1793456,31449,8582
wx_1789499416_1192431,large,899000733,4,4,2,1,4,1.694652042,22.969417801,15.928529809,42.433017573,60329,1793456,33362,8736
wx_1789499462_1194146,large,899000733,8,1,2,1,8,1.688742085,25.103275734,18.036340548,46.701177534,120657,3576576,79278,2435
wx_1789499512_1196055,large,899000733,8,1,2,1,8,1.699095400,24.149632945,16.980002620,44.764472244,120657,3576576,79695,2324
wx_1789499560_1197748,large,899000733,8,4,2,1,8,1.695277945,26.207418809,15.946083135,45.675776629,120657,3576720,84482,8258
wx_1789499609_1199809,large,899000733,8,4,2,1,8,1.721904301,25.227358653,16.662798604,45.106415284,120657,3576720,82397,9906
wx_1789499658_1202156,large,899000733,16,1,2,1,16,1.435188559,25.642098121,15.353550091,44.024412083,241313,7137930,194286,2010
wx_1789499704_1205350,large,899000733,16,1,2,1,16,1.378227761,25.750225078,14.411789202,43.102848073,241313,7137930,192142,2270
wx_1789499750_1208174,large,899000733,16,4,2,1,16,1.384875971,25.659345205,15.345644452,43.957773226,241313,7138218,203455,10244
wx_1789499797_1211850,large,899000733,16,4,2,1,16,1.407713093,26.652190480,16.488252558,46.400369440,241313,7138218,201202,12707
wx_1789499847_1216261,large,899000733,32,1,2,1,32,1.648027038,44.645166837,15.103855049,63.132683957,482625,13809547,934721,3473
wx_1789499913_1222169,large,899000733,32,1,2,1,32,1.707494194,42.823510148,17.972742254,64.426038768,482625,13809547,961901,2314
wx_1789499981_1228192,large,899000733,32,4,2,1,32,1.742292492,45.704441197,16.984147100,66.222467828,482625,13810123,1002263,13200
wx_1789500051_1234849,large,899000733,32,4,2,1,32,1.690415889,46.896751653,18.016579590,68.493235677,482625,13810123,990006,12417
wx_1789500123_1242017,large,899000733,8,1,1,1,8,1.684239875,0,21.963722787,25.195981038,120657,3576576,56907,2173
wx_1789500151_1243720,large,899000733,8,4,2,0,8,1.425354991,21.548221587,14.377142010,38.866559822,120657,3576720,57770,7611
wx_1789500193_1245682,xlarge,2256997981,2,1,2,1,2,1.422745610,34.507837360,14.391692111,51.821765592,60325,1857348,42916,1629
wx_1789500247_1246676,xlarge,2256997981,2,1,2,1,2,1.400795387,34.552280503,16.354358785,53.904160983,60325,1857348,41842,2052
wx_1789500304_1247482,xlarge,2256997981,2,4,2,1,2,1.410548217,34.557462014,15.395075612,52.880123317,60325,1857384,42981,7331
wx_1789500360_1249000,xlarge,2256997981,2,4,2,1,2,1.441039475,34.573154022,14.447449770,52.003222389,60325,1857384,41938,7417
wx_1789500415_1250049,xlarge,2256997981,4,1,2,1,4,1.506222963,25.479983811,14.390463063,42.840953983,120649,3597166,44589,2103
wx_1789500461_1251232,xlarge,2256997981,4,1,2,1,4,1.395391605,25.441388947,16.474195708,44.843529715,120649,3597166,44188,2215
wx_1789500508_1252609,xlarge,2256997981,4,4,2,1,4,1.408181503,24.413950859,15.436525359,42.832208212,120649,3597238,45261,7992
wx_1789500554_1254305,xlarge,2256997981,4,4,2,1,4,1.396264704,26.436325330,15.345060309,44.727698125,120649,3597238,45787,7565
wx_1789500601_1255904,xlarge,2256997981,8,1,2,1,8,1.439253439,24.556534652,16.416735941,43.908649596,241297,7162247,87096,2236
wx_1789500648_1257725,xlarge,2256997981,8,1,2,1,8,1.403263762,25.510070250,16.373226488,44.855437903,241297,7162247,89112,2245
wx_1789500696_1259626,xlarge,2256997981,8,4,2,1,8,1.401905818,25.493725276,16.360163859,44.830029379,241297,7162391,91482,7786
wx_1789500744_1261667,xlarge,2256997981,8,4,2,1,8,1.399250909,24.552147526,15.364682822,42.861644237,241297,7162391,89988,7784
wx_1789500789_1263796,xlarge,2256997981,16,1,2,1,16,1.432156666,28.660722381,14.453808129,46.067965218,482593,14303079,244688,2254
wx_1789500838_1266890,xlarge,2256997981,16,1,2,1,16,1.386807499,28.659974706,15.366731293,46.940372892,482593,14303079,241642,2019
wx_1789500888_1270076,xlarge,2256997981,16,4,2,1,16,1.397973248,29.667130035,15.332088486,47.968515822,482593,14303367,254268,7907
wx_1789500939_1273497,xlarge,2256997981,16,4,2,1,16,1.442833198,29.754188467,15.332579190,48.092716994,482593,14303367,251068,11081
wx_1789500990_1277461,xlarge,2256997981,32,1,2,1,32,1.416432484,40.744368220,14.376098488,58.051623691,965185,27767461,811902,3183
wx_1789501051_1283364,xlarge,2256997981,32,1,2,1,32,1.412588379,38.917799741,15.405476897,57.270408506,965185,27767461,809552,3120
wx_1789501111_1289076,xlarge,2256997981,32,4,2,1,32,1.395182011,38.825317643,15.346920736,57.109106934,965185,27768037,852682,12280
wx_1789501171_1295722,xlarge,2256997981,32,4,2,1,32,1.442027716,41.876639464,16.035009395,61.129224751,965185,27768037,873468,17163
wx_1789501235_1302701,xlarge,2256997981,8,1,1,1,8,1.709094809,0,29.182028486,32.743272189,241297,7162247,115745,2540
wx_1789501271_1304215,xlarge,2256997981,8,4,2,0,8,1.727717908,29.223264959,15.928509674,48.684283581,241297,7162391,115712,9329
